HubID,HubFormat,AssortmentTier,CompetitorDistance,CompetitorOpenSinceMonth,CompetitorOpenSinceYear,LoyaltyProgram,LoyaltyProgramSinceWeek,LoyaltyProgramSinceYear,LoyaltyProgramInterval
1,3,1,1270.0,9.0,2008.0,0,,,
2,1,1,570.0,11.0,2007.0,1,13.0,2010.0,"Jan,Apr,Jul,Oct"
3,1,1,14130.0,12.0,2006.0,1,14.0,2011.0,"Jan,Apr,Jul,Oct"
4,3,3,620.0,9.0,2009.0,0,,,
5,1,1,29910.0,4.0,2015.0,0,,,
6,1,1,310.0,12.0,2013.0,0,,,
7,1,3,24000.0,4.0,2013.0,0,,,
8,1,1,7520.0,10.0,2014.0,0,,,
9,1,3,2030.0,8.0,2000.0,0,,,
10,1,1,3160.0,9.0,2009.0,0,,,
11,1,3,960.0,11.0,2011.0,1,1.0,2012.0,"Jan,Apr,Jul,Oct"
12,1,3,1070.0,,,1,13.0,2010.0,"Jan,Apr,Jul,Oct"
13,4,1,310.0,,,1,45.0,2009.0,"Feb,May,Aug,Nov"
14,1,1,1300.0,3.0,2014.0,1,40.0,2011.0,"Jan,Apr,Jul,Oct"
15,4,3,4110.0,3.0,2010.0,1,14.0,2011.0,"Jan,Apr,Jul,Oct"
16,1,3,3270.0,,,0,,,
17,1,1,50.0,12.0,2005.0,1,26.0,2010.0,"Jan,Apr,Jul,Oct"
18,4,3,13840.0,6.0,2010.0,1,14.0,2012.0,"Jan,Apr,Jul,Oct"
19,1,3,3240.0,,,1,22.0,2011.0,"Mar,Jun,Sept,Dec"
20,4,1,2340.0,5.0,2009.0,1,40.0,2014.0,"Jan,Apr,Jul,Oct"
21,3,3,550.0,10.0,1999.0,1,45.0,2009.0,"Jan,Apr,Jul,Oct"
22,1,1,1040.0,,,1,22.0,2012.0,"Jan,Apr,Jul,Oct"
23,4,1,4060.0,8.0,2005.0,0,,,
24,1,3,4590.0,3.0,2000.0,1,40.0,2011.0,"Jan,Apr,Jul,Oct"
25,3,1,430.0,4.0,2003.0,0,,,
26,4,1,2300.0,,,0,,,
27,1,1,60.0,1.0,2005.0,1,5.0,2011.0,"Jan,Apr,Jul,Oct"
28,1,1,1200.0,10.0,2014.0,1,6.0,2015.0,"Mar,Jun,Sept,Dec"
29,4,3,2170.0,,,0,,,
30,1,1,40.0,2.0,2014.0,1,10.0,2014.0,"Mar,Jun,Sept,Dec"
31,4,3,9800.0,7.0,2012.0,0,,,
32,1,1,2910.0,,,1,45.0,2009.0,"Feb,May,Aug,Nov"
33,1,3,1320.0,5.0,2013.0,0,,,
34,3,1,2240.0,9.0,2009.0,0,,,
35,4,3,7660.0,10.0,2000.0,1,1.0,2012.0,"Jan,Apr,Jul,Oct"
36,1,3,540.0,6.0,2003.0,1,40.0,2014.0,"Jan,Apr,Jul,Oct"
37,3,1,4230.0,12.0,2014.0,0,,,
38,4,1,1090.0,4.0,2007.0,0,,,
39,1,1,260.0,10.0,2006.0,1,31.0,2013.0,"Feb,May,Aug,Nov"
40,1,1,180.0,,,1,45.0,2009.0,"Feb,May,Aug,Nov"
41,4,3,1180.0,,,1,31.0,2013.0,"Jan,Apr,Jul,Oct"
42,1,3,290.0,,,1,40.0,2011.0,"Jan,Apr,Jul,Oct"
43,4,1,4880.0,,,1,37.0,2009.0,"Jan,Apr,Jul,Oct"
44,1,1,540.0,6.0,2011.0,0,,,
45,4,1,9710.0,2.0,2014.0,0,,,
46,3,1,1200.0,9.0,2005.0,1,14.0,2011.0,"Jan,Apr,Jul,Oct"
47,1,3,270.0,4.0,2013.0,1,14.0,2013.0,"Jan,Apr,Jul,Oct"
48,1,1,1060.0,5.0,2012.0,0,,,
49,4,3,18010.0,9.0,2007.0,0,,,
50,4,1,6260.0,11.0,2009.0,0,,,
51,1,3,10570.0,7.0,2013.0,1,9.0,2011.0,"Jan,Apr,Jul,Oct"
52,4,3,450.0,4.0,2014.0,1,39.0,2010.0,"Jan,Apr,Jul,Oct"
53,1,3,30360.0,9.0,2013.0,0,,,
54,4,3,7170.0,8.0,2014.0,1,5.0,2013.0,"Feb,May,Aug,Nov"
55,1,1,720.0,11.0,2004.0,0,,,
56,4,3,6620.0,3.0,2012.0,1,10.0,2014.0,"Mar,Jun,Sept,Dec"
57,4,3,420.0,6.0,2014.0,0,,,
58,1,3,7340.0,5.0,2008.0,1,27.0,2012.0,"Jan,Apr,Jul,Oct"
59,1,3,2840.0,6.0,2007.0,1,14.0,2011.0,"Jan,Apr,Jul,Oct"
60,4,3,5540.0,10.0,2009.0,0,,,
61,1,3,350.0,12.0,2007.0,1,1.0,2012.0,"Jan,Apr,Jul,Oct"
62,1,1,2050.0,,,0,,,
63,3,3,3700.0,6.0,2010.0,1,18.0,2010.0,"Feb,May,Aug,Nov"
64,4,3,22560.0,,,1,14.0,2013.0,"Jan,Apr,Jul,Oct"
65,1,3,13840.0,5.0,2010.0,1,1.0,2012.0,"Jan,Apr,Jul,Oct"
66,4,1,7660.0,,,1,37.0,2009.0,"Jan,Apr,Jul,Oct"
67,1,3,410.0,2.0,2006.0,0,,,
68,1,3,250.0,,,1,35.0,2012.0,"Mar,Jun,Sept,Dec"
69,3,3,1130.0,,,1,40.0,2011.0,"Jan,Apr,Jul,Oct"
70,3,3,4840.0,,,0,,,
71,1,1,17500.0,8.0,2008.0,1,37.0,2009.0,"Mar,Jun,Sept,Dec"
72,1,1,2200.0,12.0,2009.0,1,13.0,2010.0,"Jan,Apr,Jul,Oct"
73,1,3,1650.0,9.0,2008.0,0,,,
74,1,1,330.0,,,0,,,
75,4,3,22440.0,12.0,2013.0,0,,,
76,4,3,19960.0,3.0,2006.0,0,,,
77,4,3,1090.0,8.0,2009.0,1,10.0,2014.0,"Jan,Apr,Jul,Oct"
78,1,1,3510.0,11.0,2006.0,1,5.0,2013.0,"Feb,May,Aug,Nov"
79,1,1,3320.0,,,0,,,
80,4,1,7910.0,,,0,,,
81,1,1,2370.0,3.0,2011.0,1,40.0,2014.0,"Jan,Apr,Jul,Oct"
82,1,1,22390.0,4.0,2008.0,1,37.0,2009.0,"Jan,Apr,Jul,Oct"
83,1,1,2710.0,,,0,,,
84,1,3,11810.0,8.0,2014.0,0,,,
85,2,1,1870.0,10.0,2011.0,0,,,
86,1,1,480.0,2.0,2005.0,1,31.0,2013.0,"Jan,Apr,Jul,Oct"
87,1,1,560.0,12.0,2010.0,0,,,
88,1,1,10690.0,10.0,2005.0,0,,,
89,1,1,2380.0,7.0,2004.0,1,40.0,2014.0,"Jan,Apr,Jul,Oct"
90,1,1,330.0,11.0,2007.0,0,,,
91,3,1,2410.0,,,1,35.0,2011.0,"Jan,Apr,Jul,Oct"
92,3,1,240.0,,,1,45.0,2009.0,"Feb,May,Aug,Nov"
93,1,1,16690.0,,,1,14.0,2011.0,"Jan,Apr,Jul,Oct"
94,4,3,14620.0,,,0,,,
95,1,1,1890.0,10.0,2014.0,0,,,
96,1,1,8780.0,2.0,2005.0,1,37.0,2009.0,"Jan,Apr,Jul,Oct"
97,4,3,8980.0,,,0,,,
98,4,3,15140.0,12.0,2006.0,1,1.0,2012.0,"Jan,Apr,Jul,Oct"
99,3,3,2030.0,11.0,2003.0,1,22.0,2012.0,"Mar,Jun,Sept,Dec"
100,4,1,17930.0,,,0,,,
101,4,3,2440.0,,,1,22.0,2012.0,"Mar,Jun,Sept,Dec"
102,1,1,150.0,12.0,2007.0,1,10.0,2014.0,"Mar,Jun,Sept,Dec"
103,4,3,5210.0,5.0,2015.0,0,,,
104,1,1,390.0,6.0,2009.0,0,,,
105,1,3,6190.0,,,1,23.0,2013.0,"Mar,Jun,Sept,Dec"
106,1,1,1390.0,8.0,2013.0,0,,,
107,1,1,1930.0,9.0,2009.0,0,,,
108,4,3,2190.0,9.0,2003.0,0,,,
109,1,3,3300.0,11.0,2010.0,0,,,
110,1,3,46590.0,4.0,2013.0,0,,,
111,4,3,7890.0,,,1,37.0,2009.0,"Jan,Apr,Jul,Oct"
112,1,1,1630.0,9.0,2009.0,0,,,
113,4,3,20930.0,11.0,1999.0,0,,,
114,3,1,4510.0,,,1,48.0,2011.0,"Mar,Jun,Sept,Dec"
115,4,3,5740.0,4.0,2007.0,1,40.0,2014.0,"Jan,Apr,Jul,Oct"
116,1,1,680.0,4.0,2013.0,0,,,
117,1,1,3450.0,9.0,2011.0,0,,,
118,4,3,3580.0,9.0,2012.0,0,,,
119,1,3,2100.0,2.0,2010.0,0,,,
120,4,1,2290.0,12.0,2014.0,1,37.0,2009.0,"Jan,Apr,Jul,Oct"
121,1,1,3570.0,11.0,2009.0,1,36.0,2013.0,"Mar,Jun,Sept,Dec"
122,1,3,58260.0,4.0,2013.0,0,,,
123,1,1,16760.0,9.0,2011.0,0,,,
124,1,1,1410.0,4.0,2003.0,0,,,
125,1,1,760.0,12.0,2005.0,0,,,
126,4,1,3370.0,10.0,2014.0,1,18.0,2011.0,"Feb,May,Aug,Nov"
127,4,1,1350.0,12.0,2005.0,1,13.0,2010.0,"Jan,Apr,Jul,Oct"
128,4,3,2000.0,,,1,1.0,2013.0,"Jan,Apr,Jul,Oct"
129,1,1,2460.0,,,1,14.0,2011.0,"Jan,Apr,Jul,Oct"
130,3,1,900.0,,,1,13.0,2010.0,"Jan,Apr,Jul,Oct"
131,3,1,920.0,7.0,2015.0,0,,,
132,4,3,1040.0,,,1,27.0,2012.0,"Jan,Apr,Jul,Oct"
133,1,1,270.0,8.0,2013.0,1,10.0,2014.0,"Mar,Jun,Sept,Dec"
134,1,1,1200.0,9.0,2008.0,0,,,
135,4,1,5190.0,,,1,1.0,2013.0,"Jan,Apr,Jul,Oct"
136,1,3,2200.0,12.0,2010.0,1,22.0,2012.0,"Feb,May,Aug,Nov"
137,1,1,1730.0,7.0,2015.0,1,40.0,2014.0,"Jan,Apr,Jul,Oct"
138,1,3,25360.0,10.0,2014.0,0,,,
139,1,1,1700.0,1.0,2008.0,1,14.0,2011.0,"Jan,Apr,Jul,Oct"
140,1,3,1090.0,7.0,2010.0,1,1.0,2013.0,"Jan,Apr,Jul,Oct"
141,3,3,1540.0,,,1,22.0,2012.0,"Mar,Jun,Sept,Dec"
142,1,1,1090.0,7.0,2002.0,0,,,
143,4,1,2930.0,12.0,2002.0,0,,,
144,1,3,16570.0,,,0,,,
145,1,1,280.0,,,1,45.0,2009.0,"Feb,May,Aug,Nov"
146,4,3,8050.0,10.0,1961.0,1,48.0,2012.0,"Jan,Apr,Jul,Oct"
147,4,3,8540.0,,,0,,,
148,1,1,2090.0,12.0,2008.0,0,,,
149,4,1,2610.0,7.0,2006.0,1,14.0,2011.0,"Jan,Apr,Jul,Oct"
150,3,3,31830.0,3.0,2010.0,0,,,
151,4,3,4360.0,10.0,2005.0,0,,,
152,1,1,1780.0,,,0,,,
153,1,1,16240.0,10.0,2000.0,1,18.0,2011.0,"Feb,May,Aug,Nov"
154,4,3,16420.0,,,0,,,
155,4,1,3050.0,,,1,35.0,2010.0,"Jan,Apr,Jul,Oct"
156,1,1,2020.0,2.0,2011.0,1,14.0,2011.0,"Mar,Jun,Sept,Dec"
157,1,3,2950.0,10.0,2004.0,0,,,
158,4,3,11840.0,,,1,31.0,2009.0,"Feb,May,Aug,Nov"
159,4,1,8530.0,3.0,2013.0,0,,,
160,4,3,17110.0,11.0,2005.0,0,,,
161,1,3,2970.0,3.0,2005.0,0,,,
162,4,3,5340.0,3.0,2012.0,1,13.0,2010.0,"Jan,Apr,Jul,Oct"
163,1,1,1480.0,4.0,2009.0,0,,,
164,1,1,1160.0,9.0,2005.0,1,13.0,2010.0,"Jan,Apr,Jul,Oct"
165,1,1,3720.0,4.0,2005.0,1,13.0,2010.0,"Jan,Apr,Jul,Oct"
166,1,3,100.0,4.0,2014.0,1,31.0,2013.0,"Jan,Apr,Jul,Oct"
167,1,1,140.0,4.0,2008.0,0,,,
168,1,1,12540.0,,,0,,,
169,4,1,980.0,7.0,2014.0,1,18.0,2014.0,"Feb,May,Aug,Nov"
170,1,1,1070.0,5.0,2015.0,1,14.0,2011.0,"Jan,Apr,Jul,Oct"
171,1,1,2640.0,,,0,,,
172,1,1,110.0,,,1,40.0,2014.0,"Jan,Apr,Jul,Oct"
173,1,1,350.0,12.0,2012.0,0,,,
174,1,1,13090.0,,,1,22.0,2012.0,"Jan,Apr,Jul,Oct"
175,3,1,4130.0,,,0,,,
176,1,1,3770.0,,,0,,,
177,1,1,1250.0,2.0,2004.0,1,5.0,2013.0,"Feb,May,Aug,Nov"
178,4,1,1710.0,,,0,,,
179,1,3,480.0,,,0,,,
180,4,1,5800.0,9.0,2010.0,0,,,
181,1,1,12610.0,3.0,2013.0,1,14.0,2011.0,"Jan,Apr,Jul,Oct"
182,4,3,1390.0,,,1,9.0,2011.0,"Mar,Jun,Sept,Dec"
183,1,1,9670.0,,,0,,,
184,4,3,3560.0,,,0,,,
185,4,3,1860.0,5.0,2015.0,0,,,
186,1,1,290.0,10.0,2011.0,1,40.0,2014.0,"Jan,Apr,Jul,Oct"
187,1,3,19360.0,,,0,,,
188,4,1,850.0,,,1,18.0,2011.0,"Feb,May,Aug,Nov"
189,4,1,5760.0,7.0,2014.0,0,,,
190,1,1,1470.0,12.0,2006.0,1,40.0,2014.0,"Jan,Apr,Jul,Oct"
191,1,1,1100.0,8.0,2013.0,1,40.0,2014.0,"Jan,Apr,Jul,Oct"
192,4,3,2770.0,3.0,2008.0,1,40.0,2014.0,"Jan,Apr,Jul,Oct"
193,1,1,520.0,,,0,,,
194,4,3,16970.0,,,1,5.0,2013.0,"Feb,May,Aug,Nov"
195,1,3,220.0,,,0,,,
196,3,1,3850.0,11.0,2005.0,1,14.0,2011.0,"Jan,Apr,Jul,Oct"
197,3,1,4210.0,3.0,2015.0,0,,,
198,1,1,290.0,9.0,2002.0,1,13.0,2010.0,"Jan,Apr,Jul,Oct"
199,4,3,6360.0,12.0,2010.0,1,14.0,2012.0,"Mar,Jun,Sept,Dec"
200,1,1,1650.0,10.0,2000.0,0,,,
201,4,1,20260.0,,,1,18.0,2014.0,"Mar,Jun,Sept,Dec"
202,4,3,5140.0,5.0,2010.0,0,,,
203,3,3,490.0,11.0,2002.0,0,,,
204,1,1,5630.0,12.0,2002.0,1,40.0,2014.0,"Jan,Apr,Jul,Oct"
205,1,1,110.0,12.0,2007.0,0,,,
206,1,3,380.0,,,1,14.0,2012.0,"Jan,Apr,Jul,Oct"
207,1,1,6870.0,,,0,,,
208,3,1,300.0,4.0,2006.0,0,,,
209,1,3,11680.0,9.0,2011.0,1,31.0,2013.0,"Jan,Apr,Jul,Oct"
210,4,1,970.0,11.0,1999.0,1,5.0,2013.0,"Feb,May,Aug,Nov"
211,1,3,350.0,11.0,2006.0,0,,,
212,1,3,15050.0,9.0,2008.0,0,,,
213,4,3,4030.0,3.0,2014.0,1,1.0,2014.0,"Jan,Apr,Jul,Oct"
214,4,1,8650.0,7.0,2013.0,1,10.0,2014.0,"Jan,Apr,Jul,Oct"
215,4,1,150.0,,,1,45.0,2009.0,"Feb,May,Aug,Nov"
216,3,1,190.0,,,1,45.0,2009.0,"Feb,May,Aug,Nov"
217,3,1,3150.0,,,0,,,
218,1,3,640.0,,,1,9.0,2011.0,"Mar,Jun,Sept,Dec"
219,1,1,1640.0,2.0,2013.0,0,,,
220,1,1,1000.0,9.0,2008.0,0,,,
221,4,3,13530.0,9.0,2013.0,0,,,
222,1,1,2170.0,11.0,2008.0,0,,,
223,4,3,2920.0,10.0,1995.0,1,27.0,2011.0,"Jan,Apr,Jul,Oct"
224,4,3,7930.0,,,1,1.0,2013.0,"Jan,Apr,Jul,Oct"
225,4,1,10180.0,5.0,2015.0,0,,,
226,1,1,450.0,,,0,,,
227,1,1,2370.0,,,0,,,
228,4,3,10800.0,,,1,18.0,2011.0,"Feb,May,Aug,Nov"
229,4,3,17410.0,4.0,2007.0,1,14.0,2011.0,"Jan,Apr,Jul,Oct"
230,4,3,6680.0,9.0,2013.0,0,,,
231,4,3,3840.0,10.0,2008.0,1,39.0,2010.0,"Feb,May,Aug,Nov"
232,3,3,13570.0,5.0,2010.0,1,10.0,2013.0,"Mar,Jun,Sept,Dec"
233,1,1,1890.0,,,0,,,
234,4,1,4370.0,,,0,,,
235,1,1,5710.0,3.0,2012.0,1,37.0,2009.0,"Jan,Apr,Jul,Oct"
236,1,1,1000.0,11.0,2007.0,0,,,
237,1,1,1420.0,11.0,2007.0,0,,,
238,1,1,320.0,,,1,45.0,2009.0,"Feb,May,Aug,Nov"
239,4,3,610.0,,,0,,,
240,1,1,1110.0,5.0,2009.0,0,,,
241,4,3,780.0,,,0,,,
242,4,1,6880.0,9.0,2001.0,1,14.0,2011.0,"Jan,Apr,Jul,Oct"
243,1,1,310.0,,,1,5.0,2013.0,"Feb,May,Aug,Nov"
244,4,1,710.0,3.0,2012.0,1,1.0,2012.0,"Jan,Apr,Jul,Oct"
245,1,3,1310.0,,,0,,,
246,3,1,4660.0,4.0,2013.0,0,,,
247,4,3,70.0,11.0,2010.0,1,5.0,2013.0,"Feb,May,Aug,Nov"
248,1,3,340.0,9.0,2012.0,1,40.0,2012.0,"Jan,Apr,Jul,Oct"
249,4,3,18010.0,9.0,2014.0,0,,,
250,4,1,3520.0,,,1,18.0,2012.0,"Feb,May,Aug,Nov"
251,1,3,340.0,,,0,,,
252,4,3,22330.0,,,1,5.0,2010.0,"Feb,May,Aug,Nov"
253,1,3,250.0,,,1,5.0,2013.0,"Feb,May,Aug,Nov"
254,4,1,330.0,3.0,2008.0,1,1.0,2012.0,"Mar,Jun,Sept,Dec"
255,3,3,4630.0,3.0,2011.0,1,35.0,2011.0,"Feb,May,Aug,Nov"
256,1,3,80.0,9.0,2005.0,1,10.0,2014.0,"Mar,Jun,Sept,Dec"
257,1,1,420.0,12.0,2012.0,0,,,
258,1,1,27190.0,7.0,2010.0,1,37.0,2009.0,"Jan,Apr,Jul,Oct"
259,2,2,210.0,,,0,,,
260,1,1,540.0,10.0,2011.0,0,,,
261,4,3,15340.0,4.0,2015.0,1,39.0,2009.0,"Jan,Apr,Jul,Oct"
262,2,1,1180.0,5.0,2013.0,0,,,
263,1,3,1140.0,5.0,2013.0,1,40.0,2014.0,"Jan,Apr,Jul,Oct"
264,1,1,180.0,3.0,2014.0,0,,,
265,1,1,4580.0,,,1,14.0,2015.0,"Jan,Apr,Jul,Oct"
266,1,3,360.0,3.0,2014.0,1,9.0,2011.0,"Mar,Jun,Sept,Dec"
267,3,1,2460.0,1.0,2012.0,0,,,
268,1,1,4520.0,2.0,2014.0,0,,,
269,1,3,60.0,6.0,2015.0,0,,,
270,1,1,1450.0,7.0,2014.0,0,,,
271,1,1,420.0,,,1,14.0,2011.0,"Jan,Apr,Jul,Oct"
272,1,1,16180.0,7.0,2003.0,1,14.0,2011.0,"Jan,Apr,Jul,Oct"
273,1,3,8480.0,,,0,,,
274,2,2,3640.0,,,1,10.0,2013.0,"Jan,Apr,Jul,Oct"
275,4,1,300.0,5.0,2014.0,1,40.0,2014.0,"Jan,Apr,Jul,Oct"
276,1,1,2960.0,10.0,2014.0,1,36.0,2013.0,"Mar,Jun,Sept,Dec"
277,4,3,7840.0,,,1,31.0,2009.0,"Feb,May,Aug,Nov"
278,1,3,9260.0,2.0,2010.0,0,,,
279,4,3,2320.0,,,1,40.0,2012.0,"Jan,Apr,Jul,Oct"
280,4,3,18640.0,9.0,2013.0,1,10.0,2014.0,"Mar,Jun,Sept,Dec"
281,4,3,6970.0,9.0,2011.0,0,,,
282,1,1,1220.0,12.0,2010.0,0,,,
283,1,1,2260.0,,,1,40.0,2014.0,"Jan,Apr,Jul,Oct"
284,4,1,1290.0,,,1,40.0,2014.0,"Jan,Apr,Jul,Oct"
285,1,1,2410.0,,,0,,,
286,1,1,1460.0,4.0,2015.0,0,,,
287,3,1,2740.0,5.0,2009.0,1,40.0,2014.0,"Jan,Apr,Jul,Oct"
288,4,1,800.0,,,1,14.0,2011.0,"Mar,Jun,Sept,Dec"
289,4,1,6540.0,12.0,2007.0,0,,,
290,1,1,4150.0,5.0,2001.0,0,,,
291,4,1,,,,0,,,
292,1,1,1100.0,6.0,2009.0,0,,,
293,3,3,140.0,11.0,2007.0,0,,,
294,1,1,3150.0,5.0,2005.0,0,,,
295,1,1,210.0,11.0,2000.0,1,36.0,2013.0,"Mar,Jun,Sept,Dec"
296,1,1,9580.0,5.0,2007.0,1,45.0,2014.0,"Feb,May,Aug,Nov"
297,1,1,2300.0,9.0,2010.0,0,,,
298,4,1,19840.0,7.0,2009.0,0,,,
299,4,3,38630.0,9.0,2012.0,0,,,
300,1,3,120.0,4.0,2009.0,1,1.0,2012.0,"Jan,Apr,Jul,Oct"
301,1,3,4510.0,3.0,2015.0,0,,,
302,4,3,2190.0,12.0,2007.0,1,9.0,2011.0,"Mar,Jun,Sept,Dec"
303,1,1,15430.0,11.0,2012.0,1,18.0,2011.0,"Feb,May,Aug,Nov"
304,1,1,1950.0,7.0,2015.0,0,,,
305,3,3,2470.0,2.0,2005.0,1,31.0,2013.0,"Mar,Jun,Sept,Dec"
306,1,1,5100.0,4.0,2007.0,1,40.0,2014.0,"Jan,Apr,Jul,Oct"
307,1,1,18660.0,9.0,2002.0,0,,,
308,1,1,1070.0,12.0,2006.0,1,13.0,2010.0,"Jan,Apr,Jul,Oct"
309,4,1,8740.0,,,1,37.0,2009.0,"Feb,May,Aug,Nov"
310,1,3,2290.0,,,1,10.0,2014.0,"Mar,Jun,Sept,Dec"
311,1,3,680.0,7.0,2005.0,0,,,
312,4,1,11300.0,3.0,2012.0,0,,,
313,4,3,14160.0,,,0,,,
314,1,1,3560.0,10.0,2001.0,1,31.0,2013.0,"Feb,May,Aug,Nov"
315,1,3,38710.0,4.0,2013.0,0,,,
316,4,1,9000.0,8.0,2001.0,0,,,
317,4,1,3140.0,7.0,2013.0,1,14.0,2011.0,"Jan,Apr,Jul,Oct"
318,4,3,32330.0,3.0,2014.0,0,,,
319,1,3,570.0,9.0,2012.0,1,27.0,2012.0,"Mar,Jun,Sept,Dec"
320,1,3,210.0,9.0,2012.0,0,,,
321,3,3,8140.0,11.0,2013.0,1,10.0,2014.0,"Mar,Jun,Sept,Dec"
322,1,1,17500.0,4.0,2001.0,1,37.0,2009.0,"Jan,Apr,Jul,Oct"
323,4,3,8400.0,4.0,2012.0,1,5.0,2013.0,"Feb,May,Aug,Nov"
324,1,1,13140.0,,,1,14.0,2011.0,"Jan,Apr,Jul,Oct"
325,1,3,350.0,3.0,2011.0,1,22.0,2011.0,"Feb,May,Aug,Nov"
326,4,1,10070.0,5.0,2015.0,1,31.0,2013.0,"Feb,May,Aug,Nov"
327,3,3,1390.0,12.0,2004.0,0,,,
328,1,1,3130.0,7.0,2002.0,0,,,
329,1,1,1310.0,6.0,1990.0,1,22.0,2012.0,"Mar,Jun,Sept,Dec"
330,1,3,370.0,,,1,22.0,2012.0,"Mar,Jun,Sept,Dec"
331,1,3,670.0,,,1,14.0,2015.0,"Jan,Apr,Jul,Oct"
332,1,1,1840.0,3.0,2006.0,0,,,
333,1,3,3720.0,2.0,2010.0,0,,,
334,4,3,4040.0,8.0,2008.0,1,18.0,2013.0,"Mar,Jun,Sept,Dec"
335,2,1,90.0,,,1,31.0,2013.0,"Jan,Apr,Jul,Oct"
336,1,1,190.0,7.0,2014.0,0,,,
337,4,3,10600.0,7.0,2005.0,1,45.0,2014.0,"Feb,May,Aug,Nov"
338,1,3,1590.0,,,1,37.0,2009.0,"Jan,Apr,Jul,Oct"
339,1,3,2280.0,,,1,10.0,2013.0,"Mar,Jun,Sept,Dec"
340,1,3,8080.0,,,0,,,
341,1,1,190.0,9.0,2011.0,0,,,
342,4,3,15770.0,,,1,40.0,2014.0,"Jan,Apr,Jul,Oct"
343,4,1,18650.0,4.0,2004.0,1,14.0,2014.0,"Jan,Apr,Jul,Oct"
344,1,3,300.0,4.0,2011.0,1,14.0,2011.0,"Jan,Apr,Jul,Oct"
345,1,1,120.0,,,1,22.0,2012.0,"Jan,Apr,Jul,Oct"
346,1,3,8090.0,,,0,,,
347,4,3,9360.0,7.0,2013.0,1,22.0,2012.0,"Mar,Jun,Sept,Dec"
348,1,1,16490.0,,,1,22.0,2012.0,"Jan,Apr,Jul,Oct"
349,3,3,1490.0,4.0,2009.0,0,,,
350,4,1,8880.0,,,1,14.0,2011.0,"Jan,Apr,Jul,Oct"
351,1,1,5290.0,11.0,2012.0,1,5.0,2013.0,"Feb,May,Aug,Nov"
352,4,3,6360.0,,,1,40.0,2012.0,"Mar,Jun,Sept,Dec"
353,2,2,900.0,,,1,14.0,2013.0,"Feb,May,Aug,Nov"
354,4,3,1500.0,10.0,2005.0,0,,,
355,1,3,9720.0,8.0,2013.0,0,,,
356,4,3,8970.0,12.0,2007.0,1,22.0,2012.0,"Feb,May,Aug,Nov"
357,1,1,2060.0,10.0,2008.0,0,,,
358,1,1,2890.0,10.0,2003.0,0,,,
359,4,3,4370.0,,,0,,,
360,1,1,2040.0,6.0,2007.0,0,,,
361,3,3,4490.0,5.0,2014.0,1,5.0,2013.0,"Feb,May,Aug,Nov"
362,3,3,340.0,,,0,,,
363,1,1,250.0,9.0,2009.0,0,,,
364,1,3,13620.0,,,1,10.0,2014.0,"Mar,Jun,Sept,Dec"
365,3,1,2410.0,,,1,45.0,2009.0,"Feb,May,Aug,Nov"
366,4,3,6470.0,12.0,2004.0,0,,,
367,4,3,2640.0,9.0,2012.0,0,,,
368,4,3,1450.0,4.0,2005.0,1,45.0,2009.0,"Feb,May,Aug,Nov"
369,4,3,5870.0,4.0,2014.0,0,,,
370,4,1,8250.0,10.0,2000.0,1,31.0,2009.0,"Jan,Apr,Jul,Oct"
371,4,3,1970.0,7.0,2009.0,1,45.0,2014.0,"Feb,May,Aug,Nov"
372,4,3,4880.0,8.0,2010.0,1,18.0,2014.0,"Jan,Apr,Jul,Oct"
373,4,3,11120.0,,,1,22.0,2012.0,"Jan,Apr,Jul,Oct"
374,1,1,1150.0,9.0,2007.0,0,,,
375,1,3,15710.0,2.0,2013.0,1,37.0,2009.0,"Jan,Apr,Jul,Oct"
376,1,1,160.0,8.0,2012.0,0,,,
377,1,3,100.0,6.0,2010.0,1,18.0,2010.0,"Feb,May,Aug,Nov"
378,1,3,2140.0,8.0,2012.0,0,,,
379,4,1,6630.0,,,0,,,
380,1,1,2240.0,5.0,2013.0,1,10.0,2014.0,"Mar,Jun,Sept,Dec"
381,1,1,1800.0,11.0,2006.0,1,5.0,2013.0,"Feb,May,Aug,Nov"
382,3,3,26130.0,11.0,2002.0,0,,,
383,1,3,350.0,,,0,,,
384,1,3,130.0,,,1,14.0,2011.0,"Jan,Apr,Jul,Oct"
385,4,1,4580.0,9.0,2007.0,0,,,
386,4,3,1460.0,4.0,2014.0,1,31.0,2013.0,"Jan,Apr,Jul,Oct"
387,3,1,210.0,,,1,36.0,2013.0,"Mar,Jun,Sept,Dec"
388,1,1,2260.0,,,0,,,
389,1,3,6690.0,8.0,2011.0,0,,,
390,1,3,1600.0,4.0,2009.0,0,,,
391,1,1,460.0,11.0,2014.0,1,31.0,2013.0,"Feb,May,Aug,Nov"
392,1,1,2120.0,,,0,,,
393,4,3,4820.0,3.0,2008.0,0,,,
394,4,1,10850.0,,,0,,,
395,1,1,3620.0,2.0,2013.0,0,,,
396,1,3,23130.0,,,0,,,
397,1,3,130.0,,,1,27.0,2013.0,"Feb,May,Aug,Nov"
398,3,3,1540.0,,,1,1.0,2012.0,"Jan,Apr,Jul,Oct"
399,1,1,5360.0,9.0,2012.0,1,40.0,2011.0,"Jan,Apr,Jul,Oct"
400,1,1,70.0,11.0,2004.0,1,14.0,2011.0,"Jan,Apr,Jul,Oct"
401,1,3,9200.0,10.0,2009.0,1,14.0,2012.0,"Jan,Apr,Jul,Oct"
402,3,3,5830.0,9.0,2011.0,1,13.0,2010.0,"Jan,Apr,Jul,Oct"
403,1,1,4970.0,7.0,2015.0,0,,,
404,1,3,1420.0,,,1,10.0,2013.0,"Mar,Jun,Sept,Dec"
405,1,1,1080.0,4.0,2008.0,1,14.0,2011.0,"Jan,Apr,Jul,Oct"
406,4,3,8240.0,3.0,2001.0,1,10.0,2013.0,"Feb,May,Aug,Nov"
407,1,1,5890.0,10.0,2003.0,1,14.0,2011.0,"Feb,May,Aug,Nov"
408,3,1,1560.0,,,1,45.0,2009.0,"Feb,May,Aug,Nov"
409,4,3,840.0,,,1,1.0,2013.0,"Jan,Apr,Jul,Oct"
410,3,1,40.0,11.0,2011.0,1,22.0,2012.0,"Mar,Jun,Sept,Dec"
411,4,3,8460.0,,,0,,,
412,4,3,4460.0,,,1,39.0,2010.0,"Jan,Apr,Jul,Oct"
413,1,3,760.0,9.0,2014.0,0,,,
414,4,3,6210.0,,,1,1.0,2013.0,"Jan,Apr,Jul,Oct"
415,4,3,6910.0,4.0,2005.0,0,,,
416,1,3,4650.0,6.0,2014.0,0,,,
417,1,3,840.0,,,1,10.0,2014.0,"Jan,Apr,Jul,Oct"
418,1,1,1060.0,5.0,2009.0,1,27.0,2011.0,"Feb,May,Aug,Nov"
419,3,1,1620.0,9.0,2009.0,0,,,
420,4,3,250.0,,,1,27.0,2012.0,"Jan,Apr,Jul,Oct"
421,3,3,3530.0,6.0,2012.0,1,35.0,2012.0,"Mar,Jun,Sept,Dec"
422,1,3,2880.0,,,0,,,
423,2,1,1270.0,5.0,2014.0,0,,,
424,4,3,1250.0,,,1,40.0,2011.0,"Jan,Apr,Jul,Oct"
425,4,3,1460.0,,,0,,,
426,1,1,250.0,,,0,,,
427,1,3,70.0,7.0,2005.0,1,13.0,2010.0,"Jan,Apr,Jul,Oct"
428,4,1,2960.0,12.0,2014.0,1,23.0,2015.0,"Mar,Jun,Sept,Dec"
429,4,3,16350.0,7.0,2005.0,1,31.0,2013.0,"Jan,Apr,Jul,Oct"
430,4,3,12870.0,10.0,2008.0,0,,,
431,4,3,4520.0,,,0,,,
432,1,1,810.0,5.0,2013.0,0,,,
433,1,3,30030.0,11.0,2010.0,0,,,
434,1,1,13020.0,8.0,2003.0,1,40.0,2014.0,"Jan,Apr,Jul,Oct"
435,1,1,910.0,,,0,,,
436,4,1,2300.0,,,0,,,
437,3,3,430.0,,,1,50.0,2010.0,"Jan,Apr,Jul,Oct"
438,4,3,1110.0,,,1,40.0,2012.0,"Jan,Apr,Jul,Oct"
439,1,1,1350.0,9.0,2009.0,0,,,
440,4,1,3900.0,4.0,2005.0,1,45.0,2009.0,"Feb,May,Aug,Nov"
441,4,1,2530.0,,,0,,,
442,3,1,500.0,,,1,45.0,2009.0,"Feb,May,Aug,Nov"
443,4,1,11400.0,12.0,2005.0,0,,,
444,3,1,1700.0,11.0,2009.0,0,,,
445,1,1,240.0,,,0,,,
446,1,1,340.0,10.0,2000.0,1,31.0,2013.0,"Feb,May,Aug,Nov"
447,1,3,1510.0,9.0,2013.0,0,,,
448,1,3,3970.0,9.0,2009.0,0,,,
449,1,3,120.0,12.0,2014.0,1,37.0,2009.0,"Jan,Apr,Jul,Oct"
450,3,1,5780.0,11.0,1994.0,1,10.0,2014.0,"Mar,Jun,Sept,Dec"
451,1,1,2460.0,4.0,2009.0,1,13.0,2010.0,"Jan,Apr,Jul,Oct"
452,1,3,1850.0,8.0,2013.0,1,5.0,2011.0,"Feb,May,Aug,Nov"
453,1,3,75860.0,,,0,,,
454,1,1,26450.0,,,0,,,
455,4,3,7660.0,9.0,2010.0,0,,,
456,1,3,140.0,,,0,,,
457,4,3,13140.0,,,1,31.0,2013.0,"Jan,Apr,Jul,Oct"
458,3,1,3390.0,,,0,,,
459,1,1,250.0,9.0,2008.0,1,5.0,2013.0,"Feb,May,Aug,Nov"
460,1,1,34050.0,4.0,2008.0,0,,,
461,4,3,1790.0,7.0,2013.0,1,40.0,2013.0,"Jan,Apr,Jul,Oct"
462,1,1,44320.0,8.0,2008.0,0,,,
463,1,1,4160.0,,,0,,,
464,3,1,520.0,3.0,2009.0,0,,,
465,4,3,10890.0,4.0,2005.0,0,,,
466,1,3,3110.0,3.0,2003.0,0,,,
467,1,3,20390.0,4.0,2008.0,0,,,
468,3,3,5260.0,9.0,2012.0,0,,,
469,3,3,710.0,9.0,2005.0,0,,,
470,1,3,50.0,,,0,,,
471,4,1,5300.0,,,1,45.0,2009.0,"Feb,May,Aug,Nov"
472,3,3,5030.0,8.0,2011.0,0,,,
473,1,1,50.0,,,0,,,
474,3,1,14810.0,,,1,14.0,2011.0,"Mar,Jun,Sept,Dec"
475,1,1,140.0,9.0,2005.0,0,,,
476,4,1,8300.0,9.0,2006.0,0,,,
477,4,1,770.0,7.0,2010.0,1,35.0,2010.0,"Jan,Apr,Jul,Oct"
478,4,3,1940.0,3.0,2012.0,0,,,
479,1,1,320.0,12.0,2005.0,1,9.0,2011.0,"Feb,May,Aug,Nov"
480,1,1,300.0,11.0,2012.0,0,,,
481,3,3,7470.0,,,1,44.0,2012.0,"Feb,May,Aug,Nov"
482,3,1,2550.0,10.0,2005.0,0,,,
483,1,3,2310.0,9.0,2011.0,1,13.0,2010.0,"Jan,Apr,Jul,Oct"
484,1,3,14300.0,3.0,2011.0,0,,,
485,4,3,3270.0,,,1,22.0,2012.0,"Jan,Apr,Jul,Oct"
486,1,1,2320.0,,,1,31.0,2013.0,"Jan,Apr,Jul,Oct"
487,4,3,2180.0,9.0,2012.0,1,40.0,2012.0,"Jan,Apr,Jul,Oct"
488,1,3,2890.0,4.0,2014.0,0,,,
489,1,1,14960.0,11.0,2013.0,1,37.0,2009.0,"Jan,Apr,Jul,Oct"
490,1,1,660.0,4.0,2013.0,1,40.0,2014.0,"Jan,Apr,Jul,Oct"
491,4,3,4680.0,,,1,22.0,2012.0,"Mar,Jun,Sept,Dec"
492,1,1,1740.0,3.0,2008.0,1,40.0,2012.0,"Jan,Apr,Jul,Oct"
493,4,3,1150.0,,,1,14.0,2011.0,"Jan,Apr,Jul,Oct"
494,2,1,1260.0,6.0,2011.0,0,,,
495,4,1,5470.0,,,1,37.0,2009.0,"Jan,Apr,Jul,Oct"
496,4,3,2780.0,6.0,2015.0,0,,,
497,1,3,1610.0,,,0,,,
498,1,1,990.0,,,1,40.0,2014.0,"Jan,Apr,Jul,Oct"
499,3,3,450.0,,,1,5.0,2013.0,"Feb,May,Aug,Nov"
500,4,3,10690.0,9.0,2007.0,1,5.0,2013.0,"Jan,Apr,Jul,Oct"
501,1,3,1620.0,9.0,2006.0,0,,,
502,1,1,220.0,2.0,2002.0,1,37.0,2009.0,"Jan,Apr,Jul,Oct"
503,4,3,13080.0,9.0,2006.0,1,14.0,2011.0,"Jan,Apr,Jul,Oct"
504,3,3,820.0,,,0,,,
505,1,1,350.0,,,1,5.0,2013.0,"Feb,May,Aug,Nov"
506,1,1,1850.0,12.0,2014.0,1,18.0,2011.0,"Feb,May,Aug,Nov"
507,1,3,9070.0,4.0,2011.0,1,37.0,2009.0,"Jan,Apr,Jul,Oct"
508,1,3,1280.0,,,1,40.0,2011.0,"Jan,Apr,Jul,Oct"
509,1,1,4740.0,7.0,2008.0,1,37.0,2009.0,"Jan,Apr,Jul,Oct"
510,1,3,8260.0,,,0,,,
511,1,1,2060.0,9.0,2009.0,0,,,
512,2,2,590.0,,,1,5.0,2013.0,"Mar,Jun,Sept,Dec"
513,1,1,400.0,8.0,2013.0,0,,,
514,3,3,1200.0,7.0,2012.0,1,27.0,2012.0,"Jan,Apr,Jul,Oct"
515,4,3,11260.0,,,1,9.0,2011.0,"Feb,May,Aug,Nov"
516,1,3,20.0,,,1,35.0,2010.0,"Mar,Jun,Sept,Dec"
517,1,3,22490.0,,,0,,,
518,4,3,3330.0,3.0,2015.0,1,13.0,2010.0,"Jan,Apr,Jul,Oct"
519,3,3,2510.0,8.0,2009.0,1,1.0,2012.0,"Jan,Apr,Jul,Oct"
520,1,3,6900.0,,,1,40.0,2012.0,"Mar,Jun,Sept,Dec"
521,4,1,18610.0,11.0,2002.0,1,48.0,2011.0,"Mar,Jun,Sept,Dec"
522,4,3,7160.0,11.0,2012.0,1,9.0,2011.0,"Jan,Apr,Jul,Oct"
523,3,3,50.0,11.0,2013.0,0,,,
524,1,3,40860.0,9.0,2013.0,0,,,
525,4,3,1870.0,9.0,2013.0,0,,,
526,1,1,120.0,,,1,48.0,2011.0,"Mar,Jun,Sept,Dec"
527,4,3,5830.0,4.0,2008.0,0,,,
528,1,3,20620.0,,,1,37.0,2009.0,"Jan,Apr,Jul,Oct"
529,4,3,12920.0,9.0,2012.0,0,,,
530,1,3,18160.0,,,0,,,
531,1,3,4030.0,,,0,,,
532,1,3,1070.0,8.0,2010.0,0,,,
533,1,3,5950.0,,,0,,,
534,4,1,1200.0,9.0,2009.0,1,45.0,2009.0,"Jan,Apr,Jul,Oct"
535,1,1,3570.0,4.0,2007.0,0,,,
536,1,3,4700.0,9.0,2002.0,1,31.0,2013.0,"Feb,May,Aug,Nov"
537,1,1,600.0,5.0,2002.0,1,1.0,2012.0,"Jan,Apr,Jul,Oct"
538,1,1,990.0,2.0,2010.0,0,,,
539,1,1,770.0,5.0,2013.0,1,40.0,2014.0,"Jan,Apr,Jul,Oct"
540,4,3,810.0,,,1,48.0,2012.0,"Jan,Apr,Jul,Oct"
541,1,3,650.0,7.0,1990.0,0,,,
542,1,1,7280.0,9.0,2012.0,1,1.0,2013.0,"Jan,Apr,Jul,Oct"
543,3,1,1080.0,12.0,2012.0,0,,,
544,1,1,250.0,12.0,2001.0,1,13.0,2010.0,"Jan,Apr,Jul,Oct"
545,1,3,5020.0,5.0,2006.0,1,18.0,2014.0,"Feb,May,Aug,Nov"
546,1,1,580.0,1.0,2005.0,0,,,
547,4,3,8990.0,11.0,2009.0,1,35.0,2010.0,"Mar,Jun,Sept,Dec"
548,4,3,3760.0,2.0,2009.0,0,,,
549,1,3,2330.0,,,0,,,
550,4,3,50.0,6.0,2015.0,0,,,
551,1,3,2190.0,9.0,2013.0,0,,,
552,1,1,4260.0,7.0,2008.0,1,37.0,2009.0,"Jan,Apr,Jul,Oct"
553,3,1,3040.0,9.0,2002.0,1,13.0,2010.0,"Jan,Apr,Jul,Oct"
554,3,3,1200.0,,,0,,,
555,4,1,1560.0,1.0,2014.0,1,10.0,2013.0,"Mar,Jun,Sept,Dec"
556,4,3,1140.0,11.0,2014.0,0,,,
557,1,1,250.0,,,0,,,
558,1,1,3000.0,2.0,2010.0,0,,,
559,4,1,3910.0,11.0,2006.0,1,5.0,2013.0,"Feb,May,Aug,Nov"
560,3,3,1910.0,7.0,2013.0,0,,,
561,4,1,14300.0,,,0,,,
562,2,3,1210.0,,,0,,,
563,1,1,700.0,3.0,2015.0,1,10.0,2014.0,"Jan,Apr,Jul,Oct"
564,4,3,6540.0,,,1,14.0,2013.0,"Jan,Apr,Jul,Oct"
565,1,3,160.0,7.0,2007.0,0,,,
566,1,1,3620.0,,,1,40.0,2013.0,"Jan,Apr,Jul,Oct"
567,3,1,1010.0,9.0,2012.0,1,18.0,2011.0,"Feb,May,Aug,Nov"
568,4,3,4270.0,,,1,1.0,2013.0,"Jan,Apr,Jul,Oct"
569,1,1,1340.0,9.0,2006.0,0,,,
570,1,1,180.0,11.0,2006.0,0,,,
571,4,1,2110.0,11.0,1995.0,1,40.0,2014.0,"Jan,Apr,Jul,Oct"
572,4,3,9230.0,4.0,2004.0,1,37.0,2009.0,"Jan,Apr,Jul,Oct"
573,1,1,1190.0,11.0,2012.0,1,36.0,2013.0,"Jan,Apr,Jul,Oct"
574,4,1,4400.0,,,0,,,
575,1,1,960.0,5.0,2008.0,1,13.0,2010.0,"Jan,Apr,Jul,Oct"
576,3,1,50.0,11.0,2006.0,0,,,
577,1,3,2270.0,,,1,35.0,2012.0,"Mar,Jun,Sept,Dec"
578,4,1,12700.0,4.0,2013.0,0,,,
579,3,1,20970.0,11.0,2012.0,0,,,
580,1,3,170.0,2.0,2009.0,0,,,
581,1,1,7250.0,12.0,2013.0,0,,,
582,1,1,120.0,,,0,,,
583,1,1,2640.0,11.0,2002.0,0,,,
584,4,1,1360.0,,,1,35.0,2010.0,"Mar,Jun,Sept,Dec"
585,4,3,440.0,4.0,2014.0,0,,,
586,1,3,250.0,10.0,2008.0,0,,,
587,4,3,330.0,9.0,2006.0,1,14.0,2011.0,"Jan,Apr,Jul,Oct"
588,4,3,15720.0,3.0,2010.0,0,,,
589,1,3,360.0,,,1,18.0,2013.0,"Feb,May,Aug,Nov"
590,4,3,4520.0,9.0,2010.0,1,31.0,2013.0,"Jan,Apr,Jul,Oct"
591,1,3,3340.0,,,1,22.0,2012.0,"Mar,Jun,Sept,Dec"
592,1,1,2540.0,6.0,2005.0,0,,,
593,1,3,33060.0,3.0,2010.0,0,,,
594,1,1,1790.0,10.0,2011.0,0,,,
595,3,3,1130.0,6.0,2015.0,0,,,
596,3,1,290.0,9.0,2006.0,0,,,
597,1,1,150.0,9.0,2008.0,1,1.0,2012.0,"Mar,Jun,Sept,Dec"
598,3,1,550.0,12.0,2013.0,1,40.0,2014.0,"Jan,Apr,Jul,Oct"
599,4,3,580.0,11.0,2014.0,0,,,
600,4,3,17340.0,6.0,2010.0,1,9.0,2011.0,"Feb,May,Aug,Nov"
601,4,1,8220.0,4.0,2014.0,1,14.0,2011.0,"Jan,Apr,Jul,Oct"
602,1,1,2710.0,7.0,2001.0,1,22.0,2012.0,"Mar,Jun,Sept,Dec"
603,1,1,340.0,4.0,2007.0,1,13.0,2010.0,"Jan,Apr,Jul,Oct"
604,4,1,10950.0,3.0,2014.0,0,,,
605,4,1,10310.0,4.0,2003.0,1,37.0,2009.0,"Jan,Apr,Jul,Oct"
606,1,1,2260.0,11.0,2007.0,0,,,
607,1,1,350.0,8.0,1999.0,1,14.0,2011.0,"Jan,Apr,Jul,Oct"
608,1,3,18370.0,2.0,2013.0,1,14.0,2011.0,"Jan,Apr,Jul,Oct"
609,1,1,2070.0,9.0,2007.0,0,,,
610,1,1,660.0,1.0,2007.0,0,,,
611,1,1,8080.0,12.0,2002.0,1,40.0,2014.0,"Jan,Apr,Jul,Oct"
612,4,3,2490.0,11.0,2012.0,1,31.0,2009.0,"Jan,Apr,Jul,Oct"
613,3,1,250.0,6.0,2007.0,1,14.0,2011.0,"Jan,Apr,Jul,Oct"
614,1,1,1160.0,12.0,2012.0,0,,,
615,4,1,730.0,8.0,2007.0,0,,,
616,1,3,3040.0,8.0,2011.0,1,35.0,2010.0,"Mar,Jun,Sept,Dec"
617,1,3,8940.0,,,1,9.0,2011.0,"Jan,Apr,Jul,Oct"
618,4,3,9910.0,,,0,,,
619,1,1,1600.0,6.0,2006.0,1,45.0,2009.0,"Feb,May,Aug,Nov"
620,4,3,5440.0,,,1,40.0,2014.0,"Jan,Apr,Jul,Oct"
621,1,1,30.0,7.0,2002.0,0,,,
622,1,3,,,,0,,,
623,1,1,4080.0,3.0,2011.0,1,13.0,2010.0,"Jan,Apr,Jul,Oct"
624,1,3,6920.0,9.0,2011.0,0,,,
625,1,1,1170.0,4.0,2011.0,1,22.0,2012.0,"Feb,May,Aug,Nov"
626,3,3,10740.0,11.0,2013.0,0,,,
627,3,3,3970.0,3.0,2010.0,0,,,
628,1,3,2180.0,,,0,,,
629,4,1,510.0,7.0,2014.0,1,23.0,2015.0,"Mar,Jun,Sept,Dec"
630,1,1,1690.0,4.0,2015.0,0,,,
631,4,3,2870.0,,,1,35.0,2012.0,"Mar,Jun,Sept,Dec"
632,1,1,3350.0,2.0,2010.0,0,,,
633,4,1,11640.0,4.0,2005.0,1,22.0,2011.0,"Jan,Apr,Jul,Oct"
634,4,1,18610.0,,,0,,,
635,1,1,27530.0,4.0,2014.0,0,,,
636,3,1,720.0,10.0,2004.0,1,13.0,2010.0,"Jan,Apr,Jul,Oct"
637,4,3,9790.0,,,1,31.0,2009.0,"Feb,May,Aug,Nov"
638,4,1,10170.0,11.0,2001.0,0,,,
639,1,1,7780.0,11.0,2006.0,0,,,
640,4,3,8040.0,,,0,,,
641,1,3,610.0,12.0,2003.0,1,36.0,2013.0,"Mar,Jun,Sept,Dec"
642,3,3,530.0,4.0,2005.0,1,35.0,2010.0,"Mar,Jun,Sept,Dec"
643,1,1,230.0,6.0,2010.0,1,18.0,2010.0,"Feb,May,Aug,Nov"
644,3,1,4030.0,12.0,2004.0,1,14.0,2011.0,"Jan,Apr,Jul,Oct"
645,1,1,90.0,,,1,45.0,2009.0,"Feb,May,Aug,Nov"
646,1,1,620.0,9.0,2014.0,0,,,
647,1,3,7420.0,4.0,2013.0,0,,,
648,4,1,2130.0,12.0,2008.0,0,,,
649,1,1,14570.0,11.0,2002.0,0,,,
650,1,1,1420.0,10.0,2012.0,1,40.0,2014.0,"Jan,Apr,Jul,Oct"
651,1,1,200.0,,,0,,,
652,1,1,20390.0,,,0,,,
653,4,3,7520.0,7.0,2014.0,1,45.0,2009.0,"Feb,May,Aug,Nov"
654,3,1,6930.0,9.0,2006.0,0,,,
655,4,3,960.0,11.0,2012.0,1,5.0,2013.0,"Feb,May,Aug,Nov"
656,4,1,410.0,4.0,2009.0,1,13.0,2010.0,"Jan,Apr,Jul,Oct"
657,3,3,80.0,1.0,2006.0,1,10.0,2014.0,"Jan,Apr,Jul,Oct"
658,4,3,520.0,,,1,37.0,2009.0,"Jan,Apr,Jul,Oct"
659,4,1,1590.0,3.0,2012.0,0,,,
660,1,1,1200.0,11.0,2006.0,1,40.0,2014.0,"Jan,Apr,Jul,Oct"
661,4,3,2140.0,7.0,2013.0,0,,,
662,4,1,1070.0,,,0,,,
663,1,3,7860.0,5.0,2005.0,0,,,
664,4,3,1680.0,10.0,2005.0,0,,,
665,1,1,90.0,12.0,2012.0,1,14.0,2011.0,"Jan,Apr,Jul,Oct"
666,3,3,2700.0,,,1,9.0,2011.0,"Mar,Jun,Sept,Dec"
667,4,3,2870.0,9.0,2012.0,0,,,
668,3,1,1270.0,9.0,2010.0,0,,,
669,4,1,17080.0,7.0,2012.0,1,31.0,2013.0,"Jan,Apr,Jul,Oct"
670,1,1,2060.0,,,1,45.0,2009.0,"Feb,May,Aug,Nov"
671,1,3,2070.0,2.0,2008.0,1,39.0,2010.0,"Jan,Apr,Jul,Oct"
672,3,1,240.0,9.0,2002.0,0,,,
673,4,3,15170.0,,,1,5.0,2013.0,"Feb,May,Aug,Nov"
674,1,1,2640.0,12.0,2005.0,1,31.0,2013.0,"Feb,May,Aug,Nov"
675,1,1,2100.0,8.0,2013.0,1,14.0,2011.0,"Jan,Apr,Jul,Oct"
676,2,2,1410.0,9.0,2008.0,0,,,
677,4,1,1740.0,6.0,2014.0,1,45.0,2009.0,"Feb,May,Aug,Nov"
678,3,1,3250.0,,,1,40.0,2011.0,"Jan,Apr,Jul,Oct"
679,1,1,4140.0,9.0,2012.0,0,,,
680,3,1,170.0,,,1,35.0,2012.0,"Mar,Jun,Sept,Dec"
681,1,3,620.0,,,1,1.0,2014.0,"Mar,Jun,Sept,Dec"
682,2,1,150.0,9.0,2006.0,0,,,
683,1,1,2850.0,7.0,2014.0,0,,,
684,4,3,680.0,,,1,22.0,2012.0,"Jan,Apr,Jul,Oct"
685,1,1,650.0,11.0,2013.0,1,37.0,2009.0,"Jan,Apr,Jul,Oct"
686,1,1,20050.0,4.0,2002.0,0,,,
687,4,3,2770.0,,,0,,,
688,1,1,18760.0,8.0,2015.0,1,14.0,2011.0,"Jan,Apr,Jul,Oct"
689,4,1,15040.0,10.0,2004.0,0,,,
690,1,1,100.0,,,0,,,
691,4,3,3030.0,,,1,37.0,2009.0,"Jan,Apr,Jul,Oct"
692,1,1,40.0,8.0,2001.0,0,,,
693,4,1,450.0,,,1,40.0,2011.0,"Jan,Apr,Jul,Oct"
694,1,3,460.0,11.0,2012.0,1,40.0,2014.0,"Jan,Apr,Jul,Oct"
695,1,1,550.0,7.0,2011.0,1,1.0,2012.0,"Jan,Apr,Jul,Oct"
696,1,3,430.0,,,0,,,
697,4,1,3780.0,,,1,40.0,2011.0,"Jan,Apr,Jul,Oct"
698,1,1,1790.0,5.0,2011.0,0,,,
699,1,1,180.0,,,1,5.0,2013.0,"Jan,Apr,Jul,Oct"
700,1,3,830.0,,,1,27.0,2013.0,"Jan,Apr,Jul,Oct"
701,4,1,1450.0,3.0,2012.0,1,14.0,2011.0,"Jan,Apr,Jul,Oct"
702,1,1,8550.0,9.0,2001.0,1,45.0,2009.0,"Feb,May,Aug,Nov"
703,1,1,80.0,6.0,2005.0,0,,,
704,4,3,1910.0,4.0,2009.0,0,,,
705,1,1,4140.0,9.0,2012.0,1,18.0,2011.0,"Feb,May,Aug,Nov"
706,4,1,7830.0,9.0,2014.0,1,10.0,2014.0,"Mar,Jun,Sept,Dec"
707,1,3,2900.0,7.0,1990.0,0,,,
708,3,3,11470.0,10.0,2009.0,1,18.0,2014.0,"Jan,Apr,Jul,Oct"
709,1,1,500.0,12.0,2010.0,0,,,
710,4,1,1500.0,9.0,2008.0,1,14.0,2011.0,"Jan,Apr,Jul,Oct"
711,4,1,17110.0,3.0,2007.0,1,5.0,2010.0,"Jan,Apr,Jul,Oct"
712,1,1,4870.0,9.0,2007.0,1,45.0,2009.0,"Jan,Apr,Jul,Oct"
713,1,3,220.0,,,1,10.0,2014.0,"Jan,Apr,Jul,Oct"
714,4,3,12070.0,10.0,2005.0,1,10.0,2013.0,"Jan,Apr,Jul,Oct"
715,1,1,14810.0,6.0,2014.0,0,,,
716,4,1,3200.0,1.0,2008.0,1,22.0,2011.0,"Jan,Apr,Jul,Oct"
717,4,3,310.0,,,1,40.0,2011.0,"Jan,Apr,Jul,Oct"
718,1,1,1100.0,6.0,2015.0,0,,,
719,3,3,8190.0,,,1,45.0,2009.0,"Feb,May,Aug,Nov"
720,1,3,15320.0,3.0,2011.0,1,14.0,2013.0,"Feb,May,Aug,Nov"
721,1,3,3590.0,9.0,2012.0,1,22.0,2012.0,"Mar,Jun,Sept,Dec"
722,1,1,50.0,,,0,,,
723,4,3,5650.0,9.0,2008.0,1,5.0,2013.0,"Feb,May,Aug,Nov"
724,4,3,5900.0,,,0,,,
725,4,3,17540.0,6.0,2012.0,0,,,
726,1,3,40540.0,2.0,2002.0,0,,,
727,1,1,2050.0,3.0,2007.0,0,,,
728,4,1,13990.0,,,1,14.0,2011.0,"Jan,Apr,Jul,Oct"
729,3,3,8980.0,6.0,2011.0,0,,,
730,3,1,1190.0,9.0,2013.0,0,,,
731,1,1,15270.0,,,1,10.0,2014.0,"Jan,Apr,Jul,Oct"
732,1,3,35280.0,,,0,,,
733,2,2,860.0,10.0,1999.0,0,,,
734,1,1,220.0,,,1,36.0,2013.0,"Mar,Jun,Sept,Dec"
735,4,3,1920.0,4.0,2005.0,0,,,
736,3,3,1650.0,,,1,14.0,2011.0,"Jan,Apr,Jul,Oct"
737,1,1,100.0,5.0,2007.0,1,31.0,2013.0,"Jan,Apr,Jul,Oct"
738,4,3,5980.0,10.0,2005.0,0,,,
739,4,3,2770.0,6.0,2008.0,1,22.0,2011.0,"Jan,Apr,Jul,Oct"
740,4,1,6400.0,3.0,2014.0,0,,,
741,4,3,11900.0,,,0,,,
742,4,3,4380.0,,,0,,,
743,1,1,6710.0,11.0,2003.0,1,14.0,2012.0,"Jan,Apr,Jul,Oct"
744,1,1,1370.0,12.0,2011.0,1,40.0,2014.0,"Jan,Apr,Jul,Oct"
745,1,1,17650.0,11.0,2013.0,1,37.0,2009.0,"Jan,Apr,Jul,Oct"
746,4,3,4330.0,2.0,2011.0,1,35.0,2011.0,"Mar,Jun,Sept,Dec"
747,3,3,45740.0,8.0,2008.0,0,,,
748,4,1,2380.0,3.0,2010.0,1,14.0,2011.0,"Jan,Apr,Jul,Oct"
749,1,1,3410.0,8.0,2011.0,1,14.0,2015.0,"Jan,Apr,Jul,Oct"
750,4,1,8670.0,2.0,2002.0,1,14.0,2011.0,"Jan,Apr,Jul,Oct"
751,1,1,650.0,10.0,2006.0,0,,,
752,1,1,970.0,3.0,2013.0,1,31.0,2013.0,"Feb,May,Aug,Nov"
753,4,3,540.0,11.0,2012.0,1,35.0,2010.0,"Mar,Jun,Sept,Dec"
754,3,3,380.0,5.0,2008.0,1,10.0,2014.0,"Mar,Jun,Sept,Dec"
755,4,3,13130.0,12.0,2003.0,0,,,
756,1,3,50.0,,,1,40.0,2011.0,"Jan,Apr,Jul,Oct"
757,1,3,3450.0,,,0,,,
758,1,3,19780.0,6.0,2008.0,0,,,
759,1,1,110.0,11.0,2012.0,1,31.0,2013.0,"Feb,May,Aug,Nov"
760,1,1,560.0,1.0,2011.0,0,,,
761,1,1,2390.0,9.0,2012.0,0,,,
762,4,3,1280.0,,,1,10.0,2013.0,"Mar,Jun,Sept,Dec"
763,4,3,32240.0,3.0,2010.0,0,,,
764,1,3,26490.0,,,1,10.0,2014.0,"Mar,Jun,Sept,Dec"
765,1,3,25430.0,5.0,1999.0,1,37.0,2009.0,"Jan,Apr,Jul,Oct"
766,4,3,9820.0,,,0,,,
767,1,3,13080.0,,,0,,,
768,1,3,2630.0,9.0,2012.0,0,,,
769,2,2,840.0,,,1,48.0,2012.0,"Jan,Apr,Jul,Oct"
770,1,3,100.0,4.0,2015.0,0,,,
771,1,1,20640.0,9.0,2007.0,0,,,
772,4,3,1850.0,,,0,,,
773,1,1,200.0,,,0,,,
774,1,3,640.0,9.0,2013.0,0,,,
775,4,3,6970.0,12.0,2005.0,1,22.0,2011.0,"Jan,Apr,Jul,Oct"
776,3,1,700.0,4.0,2009.0,1,14.0,2011.0,"Jan,Apr,Jul,Oct"
777,4,3,8250.0,10.0,2004.0,1,10.0,2013.0,"Mar,Jun,Sept,Dec"
778,1,1,340.0,6.0,2003.0,1,40.0,2014.0,"Jan,Apr,Jul,Oct"
779,1,1,16990.0,4.0,2004.0,0,,,
780,1,1,18160.0,,,0,,,
781,1,1,630.0,4.0,2007.0,0,,,
782,3,3,5390.0,8.0,2003.0,1,1.0,2012.0,"Jan,Apr,Jul,Oct"
783,4,3,15490.0,,,0,,,
784,1,1,560.0,10.0,2014.0,1,10.0,2014.0,"Jan,Apr,Jul,Oct"
785,4,3,970.0,7.0,2005.0,1,31.0,2013.0,"Feb,May,Aug,Nov"
786,1,1,290.0,11.0,2006.0,1,5.0,2013.0,"Feb,May,Aug,Nov"
787,3,3,3210.0,6.0,2009.0,0,,,
788,1,3,1530.0,3.0,2013.0,0,,,
789,1,3,9770.0,7.0,2003.0,0,,,
790,4,3,9070.0,12.0,2003.0,0,,,
791,1,1,5950.0,4.0,2007.0,0,,,
792,4,1,17280.0,10.0,2009.0,1,18.0,2011.0,"Feb,May,Aug,Nov"
793,4,1,2710.0,7.0,2006.0,0,,,
794,3,3,5090.0,9.0,2006.0,0,,,
795,4,1,510.0,,,1,35.0,2010.0,"Mar,Jun,Sept,Dec"
796,1,3,7180.0,11.0,2012.0,0,,,
797,1,1,2090.0,10.0,2012.0,1,40.0,2014.0,"Jan,Apr,Jul,Oct"
798,1,1,9560.0,4.0,2001.0,0,,,
799,1,3,2700.0,,,0,,,
800,4,1,2020.0,7.0,2014.0,0,,,
801,4,1,48330.0,4.0,2013.0,0,,,
802,1,3,910.0,,,1,22.0,2011.0,"Feb,May,Aug,Nov"
803,4,1,1760.0,,,1,10.0,2014.0,"Mar,Jun,Sept,Dec"
804,3,3,2100.0,,,1,1.0,2013.0,"Jan,Apr,Jul,Oct"
805,4,1,24770.0,10.0,2011.0,1,10.0,2014.0,"Mar,Jun,Sept,Dec"
806,4,1,260.0,,,1,44.0,2010.0,"Feb,May,Aug,Nov"
807,1,1,3870.0,4.0,2008.0,0,,,
808,1,1,18620.0,,,1,31.0,2009.0,"Feb,May,Aug,Nov"
809,1,1,12770.0,10.0,2000.0,0,,,
810,4,3,9640.0,11.0,2013.0,0,,,
811,1,1,410.0,9.0,2012.0,0,,,
812,4,1,2590.0,9.0,2012.0,0,,,
813,1,1,1560.0,9.0,2003.0,0,,,
814,4,3,24530.0,7.0,2013.0,0,,,
815,1,1,590.0,1.0,1900.0,1,40.0,2014.0,"Jan,Apr,Jul,Oct"
816,3,3,460.0,,,0,,,
817,1,1,140.0,3.0,2006.0,0,,,
818,4,1,490.0,,,1,35.0,2010.0,"Mar,Jun,Sept,Dec"
819,1,3,720.0,10.0,2014.0,0,,,
820,1,3,1650.0,,,1,40.0,2014.0,"Jan,Apr,Jul,Oct"
821,1,1,1700.0,9.0,2009.0,0,,,
822,1,3,410.0,11.0,2010.0,1,48.0,2010.0,"Mar,Jun,Sept,Dec"
823,1,3,16210.0,11.0,2010.0,0,,,
824,1,1,17570.0,,,0,,,
825,1,1,380.0,5.0,2011.0,1,40.0,2014.0,"Jan,Apr,Jul,Oct"
826,1,3,7980.0,6.0,2005.0,0,,,
827,1,3,250.0,1.0,2005.0,0,,,
828,4,3,3290.0,12.0,2014.0,0,,,
829,3,1,110.0,,,0,,,
830,1,3,6320.0,,,1,5.0,2011.0,"Jan,Apr,Jul,Oct"
831,1,1,800.0,6.0,2007.0,0,,,
832,4,1,5070.0,,,1,45.0,2009.0,"Feb,May,Aug,Nov"
833,4,3,3290.0,12.0,1999.0,1,35.0,2010.0,"Mar,Jun,Sept,Dec"
834,1,1,3470.0,3.0,2012.0,0,,,
835,1,1,2890.0,12.0,2007.0,1,10.0,2014.0,"Mar,Jun,Sept,Dec"
836,1,1,2720.0,9.0,2012.0,0,,,
837,1,3,14600.0,4.0,2015.0,0,,,
838,4,3,6890.0,,,1,48.0,2011.0,"Mar,Jun,Sept,Dec"
839,3,1,240.0,1.0,2015.0,0,,,
840,1,1,1070.0,9.0,2009.0,0,,,
841,1,1,27650.0,8.0,2004.0,0,,,
842,4,3,1200.0,11.0,2007.0,0,,,
843,3,1,60.0,4.0,2006.0,0,,,
844,1,1,2030.0,9.0,2012.0,1,18.0,2011.0,"Feb,May,Aug,Nov"
845,4,1,7860.0,11.0,2005.0,1,14.0,2011.0,"Jan,Apr,Jul,Oct"
846,1,3,8860.0,4.0,2004.0,1,37.0,2009.0,"Jan,Apr,Jul,Oct"
847,3,3,190.0,,,1,31.0,2013.0,"Feb,May,Aug,Nov"
848,1,3,370.0,7.0,2007.0,1,14.0,2011.0,"Jan,Apr,Jul,Oct"
849,3,3,5000.0,,,0,,,
850,4,1,1120.0,5.0,2007.0,1,31.0,2013.0,"Jan,Apr,Jul,Oct"
851,4,3,2330.0,,,1,49.0,2014.0,"Mar,Jun,Sept,Dec"
852,3,1,940.0,4.0,2004.0,1,14.0,2011.0,"Jan,Apr,Jul,Oct"
853,1,1,14040.0,,,0,,,
854,3,1,4770.0,,,1,13.0,2010.0,"Jan,Apr,Jul,Oct"
855,1,1,3440.0,,,1,45.0,2009.0,"Feb,May,Aug,Nov"
856,1,1,3020.0,2.0,2010.0,0,,,
857,3,1,6270.0,8.0,2005.0,1,23.0,2014.0,"Mar,Jun,Sept,Dec"
858,1,1,3370.0,12.0,2008.0,1,40.0,2014.0,"Jan,Apr,Jul,Oct"
859,3,1,21770.0,7.0,2015.0,0,,,
860,3,3,5980.0,2.0,2010.0,0,,,
861,3,3,740.0,,,1,14.0,2013.0,"Mar,Jun,Sept,Dec"
862,1,3,2840.0,3.0,2010.0,1,14.0,2011.0,"Jan,Apr,Jul,Oct"
863,1,3,21370.0,11.0,2010.0,0,,,
864,1,1,1020.0,10.0,2012.0,1,45.0,2009.0,"Feb,May,Aug,Nov"
865,4,3,2640.0,,,0,,,
866,4,1,9680.0,,,1,5.0,2013.0,"Feb,May,Aug,Nov"
867,4,3,21810.0,9.0,2012.0,0,,,
868,4,3,1360.0,8.0,2005.0,1,10.0,2014.0,"Jan,Apr,Jul,Oct"
869,3,1,230.0,10.0,2001.0,1,14.0,2011.0,"Jan,Apr,Jul,Oct"
870,1,1,780.0,4.0,2009.0,0,,,
871,4,3,10620.0,,,0,,,
872,1,3,3860.0,9.0,2014.0,1,23.0,2015.0,"Mar,Jun,Sept,Dec"
873,1,1,2040.0,11.0,2008.0,0,,,
874,1,1,3210.0,,,0,,,
875,4,1,5070.0,11.0,2007.0,1,18.0,2015.0,"Feb,May,Aug,Nov"
876,1,1,21790.0,4.0,2005.0,1,18.0,2015.0,"Feb,May,Aug,Nov"
877,1,3,29190.0,,,0,,,
878,4,3,1100.0,12.0,2014.0,0,,,
879,4,1,,,,1,5.0,2013.0,"Feb,May,Aug,Nov"
880,1,3,4570.0,,,0,,,
881,1,1,180.0,3.0,2008.0,1,31.0,2013.0,"Feb,May,Aug,Nov"
882,1,1,30.0,4.0,2013.0,0,,,
883,1,1,3200.0,6.0,2005.0,0,,,
884,4,3,7550.0,,,0,,,
885,1,1,480.0,12.0,2005.0,0,,,
886,1,3,12430.0,10.0,2004.0,0,,,
887,4,1,19700.0,,,1,37.0,2009.0,"Jan,Apr,Jul,Oct"
888,4,1,4450.0,6.0,2012.0,1,35.0,2012.0,"Mar,Jun,Sept,Dec"
889,4,1,18670.0,12.0,2005.0,0,,,
890,1,1,4450.0,,,1,14.0,2011.0,"Jan,Apr,Jul,Oct"
891,1,3,350.0,,,1,31.0,2013.0,"Feb,May,Aug,Nov"
892,1,1,19370.0,4.0,2002.0,0,,,
893,1,1,130.0,,,1,1.0,2013.0,"Jan,Apr,Jul,Oct"
894,1,1,190.0,11.0,2012.0,0,,,
895,1,3,4150.0,,,0,,,
896,1,3,170.0,9.0,2012.0,0,,,
897,3,3,3290.0,1.0,2007.0,1,5.0,2013.0,"Feb,May,Aug,Nov"
898,1,1,18540.0,,,0,,,
899,4,1,2590.0,,,1,13.0,2010.0,"Jan,Apr,Jul,Oct"
900,1,1,3920.0,4.0,2005.0,1,40.0,2014.0,"Jan,Apr,Jul,Oct"
901,1,3,3170.0,4.0,2014.0,0,,,
902,1,1,310.0,5.0,2015.0,1,40.0,2014.0,"Jan,Apr,Jul,Oct"
903,4,3,7290.0,9.0,2014.0,0,,,
904,4,3,570.0,7.0,2013.0,1,14.0,2011.0,"Jan,Apr,Jul,Oct"
905,1,1,90.0,6.0,2014.0,0,,,
906,1,1,90.0,7.0,2010.0,0,,,
907,1,3,250.0,,,0,,,
908,1,1,1980.0,7.0,2010.0,1,37.0,2009.0,"Jan,Apr,Jul,Oct"
909,1,3,1680.0,,,1,45.0,2009.0,"Feb,May,Aug,Nov"
910,4,3,12480.0,,,1,1.0,2013.0,"Jan,Apr,Jul,Oct"
911,1,3,16490.0,,,0,,,
912,3,3,3100.0,5.0,2010.0,0,,,
913,1,1,280.0,,,0,,,
914,3,3,2640.0,4.0,2011.0,1,22.0,2012.0,"Mar,Jun,Sept,Dec"
915,4,3,650.0,3.0,2013.0,1,40.0,2014.0,"Jan,Apr,Jul,Oct"
916,1,1,90.0,11.0,2012.0,0,,,
917,1,1,7240.0,2.0,2010.0,0,,,
918,1,3,18710.0,4.0,2015.0,0,,,
919,1,1,2620.0,,,1,45.0,2009.0,"Feb,May,Aug,Nov"
920,1,1,850.0,2.0,2012.0,1,40.0,2014.0,"Jan,Apr,Jul,Oct"
921,1,1,840.0,9.0,2006.0,0,,,
922,4,1,2110.0,3.0,2006.0,0,,,
923,1,1,280.0,9.0,2008.0,0,,,
924,1,1,6420.0,4.0,2011.0,1,1.0,2012.0,"Jan,Apr,Jul,Oct"
925,3,1,470.0,3.0,2007.0,1,1.0,2012.0,"Jan,Apr,Jul,Oct"
926,4,3,5150.0,3.0,2011.0,1,13.0,2010.0,"Jan,Apr,Jul,Oct"
927,1,1,480.0,,,0,,,
928,4,3,1090.0,,,1,31.0,2013.0,"Feb,May,Aug,Nov"
929,1,3,4820.0,9.0,2013.0,0,,,
930,1,1,70.0,,,0,,,
931,1,3,1480.0,9.0,2011.0,1,1.0,2012.0,"Jan,Apr,Jul,Oct"
932,1,1,15700.0,,,1,13.0,2010.0,"Jan,Apr,Jul,Oct"
933,1,3,6270.0,2.0,2005.0,0,,,
934,1,3,5460.0,,,1,14.0,2011.0,"Jan,Apr,Jul,Oct"
935,1,3,22350.0,6.0,2010.0,0,,,
936,1,1,580.0,2.0,2008.0,0,,,
937,4,1,2810.0,,,1,10.0,2014.0,"Jan,Apr,Jul,Oct"
938,1,1,2820.0,9.0,2009.0,0,,,
939,4,1,1340.0,,,0,,,
940,4,3,6470.0,9.0,2012.0,0,,,
941,1,1,1200.0,12.0,2011.0,1,31.0,2013.0,"Jan,Apr,Jul,Oct"
942,4,3,6860.0,,,1,18.0,2011.0,"Jan,Apr,Jul,Oct"
943,4,3,18020.0,,,0,,,
944,3,1,1670.0,7.0,2015.0,0,,,
945,1,3,12480.0,3.0,2011.0,0,,,
946,1,1,2220.0,12.0,2011.0,1,14.0,2015.0,"Jan,Apr,Jul,Oct"
947,1,1,460.0,3.0,2014.0,1,13.0,2010.0,"Jan,Apr,Jul,Oct"
948,2,2,1430.0,,,0,,,
949,1,1,870.0,3.0,2006.0,0,,,
950,1,1,8460.0,11.0,1994.0,0,,,
951,4,3,710.0,,,1,40.0,2011.0,"Jan,Apr,Jul,Oct"
952,4,3,6300.0,10.0,2013.0,0,,,
953,1,1,19830.0,4.0,2006.0,1,22.0,2011.0,"Mar,Jun,Sept,Dec"
954,1,1,390.0,2.0,2013.0,1,10.0,2014.0,"Jan,Apr,Jul,Oct"
955,4,3,1690.0,7.0,2009.0,1,36.0,2013.0,"Mar,Jun,Sept,Dec"
956,1,1,2330.0,10.0,2014.0,1,18.0,2011.0,"Feb,May,Aug,Nov"
957,4,3,1420.0,11.0,2012.0,0,,,
958,1,1,440.0,11.0,2013.0,0,,,
959,1,3,1060.0,12.0,2005.0,0,,,
960,4,1,8990.0,,,1,31.0,2009.0,"Feb,May,Aug,Nov"
961,4,3,9430.0,,,0,,,
962,3,1,260.0,,,0,,,
963,1,3,23620.0,11.0,2013.0,0,,,
964,1,1,270.0,,,1,5.0,2013.0,"Feb,May,Aug,Nov"
965,1,3,110.0,,,0,,,
966,1,1,760.0,2.0,2008.0,0,,,
967,1,3,3560.0,9.0,2013.0,1,36.0,2013.0,"Jan,Apr,Jul,Oct"
968,3,1,1190.0,,,0,,,
969,1,3,600.0,11.0,1999.0,1,10.0,2013.0,"Jan,Apr,Jul,Oct"
970,1,1,910.0,12.0,2014.0,1,37.0,2009.0,"Jan,Apr,Jul,Oct"
971,3,1,1140.0,5.0,2011.0,1,14.0,2012.0,"Mar,Jun,Sept,Dec"
972,1,1,14960.0,,,0,,,
973,4,3,330.0,,,1,28.0,2012.0,"Jan,Apr,Jul,Oct"
974,1,1,150.0,3.0,2011.0,1,40.0,2014.0,"Jan,Apr,Jul,Oct"
975,1,3,9630.0,,,1,14.0,2011.0,"Jan,Apr,Jul,Oct"
976,1,1,4180.0,,,0,,,
977,1,1,520.0,9.0,2005.0,1,13.0,2010.0,"Jan,Apr,Jul,Oct"
978,3,3,3890.0,,,0,,,
979,1,3,2270.0,11.0,2005.0,1,14.0,2011.0,"Jan,Apr,Jul,Oct"
980,1,1,4420.0,9.0,2005.0,0,,,
981,4,3,2620.0,11.0,2002.0,0,,,
982,4,1,21930.0,,,0,,,
983,1,1,40.0,3.0,2014.0,1,1.0,2014.0,"Jan,Apr,Jul,Oct"
984,3,1,440.0,,,1,1.0,2013.0,"Jan,Apr,Jul,Oct"
985,3,3,490.0,5.0,2007.0,1,13.0,2010.0,"Jan,Apr,Jul,Oct"
986,1,1,620.0,10.0,2014.0,1,18.0,2014.0,"Feb,May,Aug,Nov"
987,3,1,1690.0,6.0,2007.0,0,,,
988,1,1,30.0,11.0,2012.0,0,,,
989,1,1,1640.0,6.0,2006.0,1,40.0,2011.0,"Jan,Apr,Jul,Oct"
990,4,1,20930.0,,,0,,,
991,1,1,1010.0,,,0,,,
992,1,1,2480.0,7.0,1990.0,0,,,
993,4,3,3460.0,10.0,2013.0,1,10.0,2014.0,"Jan,Apr,Jul,Oct"
994,1,1,2290.0,7.0,2011.0,1,1.0,2012.0,"Jan,Apr,Jul,Oct"
995,4,1,6560.0,12.0,2013.0,0,,,
996,3,1,2870.0,7.0,2015.0,1,13.0,2010.0,"Jan,Apr,Jul,Oct"
997,4,3,5840.0,7.0,2010.0,1,37.0,2009.0,"Jan,Apr,Jul,Oct"
998,1,1,780.0,9.0,2005.0,1,5.0,2013.0,"Feb,May,Aug,Nov"
999,4,3,15140.0,2.0,2002.0,1,37.0,2009.0,"Jan,Apr,Jul,Oct"
1000,1,3,2230.0,5.0,2009.0,1,40.0,2014.0,"Jan,Apr,Jul,Oct"
1001,3,1,19640.0,,,1,14.0,2011.0,"Jan,Apr,Jul,Oct"
1002,4,3,1130.0,11.0,2008.0,0,,,
1003,1,1,170.0,7.0,2013.0,1,27.0,2013.0,"Jan,Apr,Jul,Oct"
1004,4,3,970.0,,,1,9.0,2011.0,"Mar,Jun,Sept,Dec"
1005,1,1,6480.0,,,0,,,
1006,3,3,3890.0,11.0,2006.0,1,5.0,2013.0,"Feb,May,Aug,Nov"
1007,3,3,4180.0,9.0,2012.0,0,,,
1008,1,3,30.0,9.0,2010.0,0,,,
1009,1,1,230.0,7.0,2004.0,1,10.0,2014.0,"Jan,Apr,Jul,Oct"
1010,4,3,4610.0,6.0,2010.0,1,18.0,2010.0,"Feb,May,Aug,Nov"
1011,1,3,490.0,9.0,2012.0,1,18.0,2011.0,"Feb,May,Aug,Nov"
1012,4,3,6330.0,6.0,2004.0,1,39.0,2010.0,"Jan,Apr,Jul,Oct"
1013,1,1,630.0,2.0,2015.0,1,31.0,2013.0,"Feb,May,Aug,Nov"
1014,1,3,210.0,,,1,31.0,2013.0,"Jan,Apr,Jul,Oct"
1015,4,3,9910.0,12.0,2010.0,1,9.0,2011.0,"Mar,Jun,Sept,Dec"
1016,3,3,550.0,,,1,35.0,2010.0,"Mar,Jun,Sept,Dec"
1017,3,1,110.0,11.0,2008.0,0,,,
1018,3,3,140.0,9.0,2012.0,0,,,
1019,4,3,2740.0,7.0,2014.0,1,13.0,2010.0,"Jan,Apr,Jul,Oct"
1020,1,1,40.0,8.0,2015.0,0,,,
1021,1,1,1080.0,5.0,2011.0,0,,,
1022,1,3,1520.0,,,0,,,
1023,3,1,3740.0,2.0,2002.0,1,14.0,2011.0,"Jan,Apr,Jul,Oct"
1024,3,3,1990.0,1.0,2012.0,0,,,
1025,1,1,720.0,11.0,2009.0,0,,,
1026,3,1,450.0,6.0,2011.0,1,48.0,2012.0,"Mar,Jun,Sept,Dec"
1027,1,3,190.0,6.0,2008.0,1,40.0,2011.0,"Jan,Apr,Jul,Oct"
1028,1,1,150.0,,,1,31.0,2013.0,"Jan,Apr,Jul,Oct"
1029,1,1,1590.0,3.0,2006.0,0,,,
1030,1,1,36410.0,4.0,2008.0,0,,,
1031,4,1,590.0,5.0,2001.0,0,,,
1032,4,3,270.0,2.0,2013.0,1,40.0,2012.0,"Jan,Apr,Jul,Oct"
1033,1,1,7680.0,3.0,2006.0,0,,,
1034,1,1,13750.0,4.0,2015.0,0,,,
1035,1,1,27150.0,,,0,,,
1036,4,3,9560.0,,,1,36.0,2013.0,"Jan,Apr,Jul,Oct"
1037,1,3,150.0,,,0,,,
1038,4,1,17290.0,10.0,2013.0,0,,,
1039,1,3,70.0,6.0,1990.0,1,22.0,2012.0,"Mar,Jun,Sept,Dec"
1040,1,1,4030.0,2.0,2013.0,1,10.0,2014.0,"Jan,Apr,Jul,Oct"
1041,3,1,1600.0,8.0,2013.0,1,40.0,2014.0,"Jan,Apr,Jul,Oct"
1042,1,1,3440.0,,,1,31.0,2013.0,"Feb,May,Aug,Nov"
1043,3,1,420.0,3.0,2006.0,0,,,
1044,3,1,240.0,4.0,2015.0,1,13.0,2010.0,"Jan,Apr,Jul,Oct"
1045,1,3,26990.0,12.0,2013.0,0,,,
1046,4,3,29070.0,4.0,2005.0,0,,,
1047,1,1,3750.0,,,1,45.0,2009.0,"Feb,May,Aug,Nov"
1048,4,3,1860.0,9.0,2012.0,1,40.0,2012.0,"Jan,Apr,Jul,Oct"
1049,1,1,370.0,7.0,2012.0,1,14.0,2011.0,"Jan,Apr,Jul,Oct"
1050,4,3,13170.0,8.0,2014.0,1,9.0,2011.0,"Mar,Jun,Sept,Dec"
1051,3,1,200.0,7.0,1998.0,1,1.0,2012.0,"Jan,Apr,Jul,Oct"
1052,1,3,5080.0,,,1,31.0,2013.0,"Feb,May,Aug,Nov"
1053,1,1,1710.0,7.0,2015.0,0,,,
1054,1,3,13190.0,,,1,45.0,2013.0,"Feb,May,Aug,Nov"
1055,3,1,1980.0,4.0,2009.0,0,,,
1056,4,3,5350.0,,,1,40.0,2012.0,"Jan,Apr,Jul,Oct"
1057,4,3,3230.0,11.0,2011.0,0,,,
1058,1,3,180.0,,,1,35.0,2010.0,"Mar,Jun,Sept,Dec"
1059,3,1,3380.0,4.0,2013.0,0,,,
1060,1,3,3430.0,,,1,31.0,2013.0,"Feb,May,Aug,Nov"
1061,4,3,8110.0,,,0,,,
1062,4,1,190.0,9.0,2012.0,1,40.0,2012.0,"Feb,May,Aug,Nov"
1063,1,3,6250.0,,,0,,,
1064,1,3,420.0,,,0,,,
1065,1,1,1290.0,,,1,35.0,2011.0,"Mar,Jun,Sept,Dec"
1066,1,1,3350.0,,,0,,,
1067,4,3,12020.0,7.0,2009.0,0,,,
1068,4,3,5010.0,,,1,5.0,2013.0,"Jan,Apr,Jul,Oct"
1069,1,3,18050.0,,,1,14.0,2011.0,"Jan,Apr,Jul,Oct"
1070,3,3,400.0,10.0,2008.0,0,,,
1071,1,1,820.0,3.0,2012.0,1,35.0,2012.0,"Mar,Jun,Sept,Dec"
1072,1,3,5380.0,8.0,2015.0,1,5.0,2010.0,"Feb,May,Aug,Nov"
1073,1,3,1710.0,,,1,44.0,2012.0,"Jan,Apr,Jul,Oct"
1074,3,3,3330.0,10.0,2001.0,1,14.0,2011.0,"Jan,Apr,Jul,Oct"
1075,1,3,1410.0,10.0,2013.0,0,,,
1076,1,3,90.0,,,1,1.0,2013.0,"Jan,Apr,Jul,Oct"
1077,1,1,3750.0,11.0,2001.0,1,35.0,2010.0,"Mar,Jun,Sept,Dec"
1078,4,3,670.0,,,1,40.0,2011.0,"Jan,Apr,Jul,Oct"
1079,1,1,16680.0,,,1,37.0,2009.0,"Jan,Apr,Jul,Oct"
1080,1,1,2410.0,,,1,40.0,2014.0,"Jan,Apr,Jul,Oct"
1081,2,1,400.0,3.0,2006.0,0,,,
1082,3,1,440.0,4.0,2002.0,0,,,
1083,4,3,11540.0,,,1,5.0,2013.0,"Feb,May,Aug,Nov"
1084,1,1,190.0,,,1,13.0,2010.0,"Jan,Apr,Jul,Oct"
1085,3,1,4030.0,2.0,2015.0,0,,,
1086,1,1,180.0,11.0,2013.0,1,18.0,2011.0,"Feb,May,Aug,Nov"
1087,4,3,2210.0,11.0,2011.0,0,,,
1088,1,1,4300.0,3.0,2009.0,1,27.0,2013.0,"Jan,Apr,Jul,Oct"
1089,4,1,5220.0,5.0,2009.0,0,,,
1090,1,1,330.0,,,1,14.0,2011.0,"Jan,Apr,Jul,Oct"
1091,1,3,9990.0,,,0,,,
1092,1,1,300.0,7.0,2000.0,1,40.0,2014.0,"Jan,Apr,Jul,Oct"
1093,3,3,10450.0,6.0,2009.0,0,,,
1094,4,1,2380.0,3.0,2013.0,1,40.0,2014.0,"Jan,Apr,Jul,Oct"
1095,1,1,690.0,6.0,2007.0,1,14.0,2011.0,"Jan,Apr,Jul,Oct"
1096,1,3,1130.0,,,1,10.0,2014.0,"Mar,Jun,Sept,Dec"
1097,2,2,720.0,3.0,2002.0,0,,,
1098,1,1,1830.0,11.0,2004.0,0,,,
1099,1,3,200.0,4.0,2013.0,1,14.0,2013.0,"Jan,Apr,Jul,Oct"
1100,1,1,540.0,,,1,14.0,2011.0,"Jan,Apr,Jul,Oct"
1101,4,3,4060.0,9.0,2012.0,0,,,
1102,1,1,850.0,11.0,2012.0,1,40.0,2014.0,"Jan,Apr,Jul,Oct"
1103,4,3,1340.0,10.0,2006.0,1,5.0,2013.0,"Feb,May,Aug,Nov"
1104,4,1,260.0,2.0,2012.0,1,14.0,2011.0,"Jan,Apr,Jul,Oct"
1105,3,3,330.0,11.0,2008.0,1,5.0,2013.0,"Feb,May,Aug,Nov"
1106,1,3,5330.0,9.0,2011.0,1,31.0,2013.0,"Jan,Apr,Jul,Oct"
1107,1,1,1400.0,6.0,2012.0,1,13.0,2010.0,"Jan,Apr,Jul,Oct"
1108,1,1,540.0,4.0,2004.0,0,,,
1109,3,1,3490.0,4.0,2011.0,1,22.0,2012.0,"Jan,Apr,Jul,Oct"
1110,3,3,900.0,9.0,2010.0,0,,,
1111,1,1,1900.0,6.0,2014.0,1,31.0,2013.0,"Jan,Apr,Jul,Oct"
1112,3,3,1880.0,4.0,2006.0,0,,,
1113,1,3,9260.0,,,0,,,
1114,1,3,870.0,,,0,,,
1115,4,3,5350.0,,,1,22.0,2012.0,"Mar,Jun,Sept,Dec"
